Title,Original Price,Current Price,Discount
"Kāposti, 1 kg",N/A,0.29,-63%
"Mandarīni MURCOT, 1 kg",N/A,1.49,-40%
"Āboli ROYAL GALA, 1 kg",N/A,1.89,-24%
"Cūkgaļas šķiņķis bez kaula un ādas, 1 kg",N/A,2.49,-55%
"Kausētais siers DZINTARS, 200 g, pieci veidi",N/A,1.29,N/A
"Biezpiens BALTAIS, 180 g, 0,5% vai 9%",N/A,0.69,-38%
"Piens RASĒNS, 200 ml, 1,5%, seši veidi",N/A,0.45,N/A
"Konservētā kaķu barība GOURMET GOLD, 85 g, seši veidi",N/A,0.45,N/A
"Olīvu izspaidu eļļa LUGLIO, 1 l",N/A,2.99,-40%
"Tomāti mini MIX spainītī, 500 g",N/A,2.49,-29%
"Pelmeņi RĪGAS MIESNIEKS XXL, 2 kg",N/A,2.99,N/A
"Kafijas pupiņas JACOBS ESPRESSO vai CREMA, 1 kg",N/A,14.99,N/A
"Gāzēts dzēriens COCA-COLA, 1 iepak./24x 330 ml",N/A,9.99,-58%
Produkcijai SPILVA,N/A,N/A,N/A
"Veļas mazgāšanas līdzeklis ARIEL, 4,5 l/100 m.r., COLOR vai MOUNTAIN SPRING",N/A,13.99,-53%
"Papīra dvieļi BLOOM REGULAR, 1 rullis/300 loksnes, divi slāņi",N/A,2.29,N/A
"Pudiņš MULLER, 450 g, vaniļas-ķiršu vai šokolādes-vaniļas",N/A,1.79,N/A
"Zemeņu jogurta dzērieni ACTIMEL, 1 iepak./14x 100 g",N/A,3.99,N/A
"Sviests WELL DONE, 500 g, 82%",N/A,2.99,N/A
"Siers DELI Q DAILY EDAM vai GOUDA šķēlēs, 500 g",N/A,3.99,N/A
"Rīvēts cietais siers GRANAROLO, 500 g",N/A,8.99,N/A
"Cāļa pusspārni garšvielās RĪGAS MIESNIEKS, 800 g",N/A,3.49,-50%
"Auksti kūpināts bekons amerikāņu gaumē RAKVERE, 1 kg",N/A,9.99,-36%
"Karsti kūpinātas Kabanos desiņas XXL WELL DONE, 480 g",N/A,4.49,-42%
"Surimi nūjiņas VIČI CLASSIC, 2x 500 g, atdzesētas",N/A,5.59,N/A
"Pica RISTORANTE MARGHERITA vai PROSCIUTTO, 550 g vai 580 g",N/A,3.99,N/A
"Frī kartupeļi AVIKO ORIGINAL, 1,5 kg",N/A,3.49,N/A
"Ceptas pupiņas tomātu mērcē HEINZ, 1 iepak./4x 415 g",N/A,5.99,N/A
"Konservēta saldā kukurūza BONDUELLE, 670 g",N/A,2.19,N/A
"Ātri pagatavojamās nūdeles REEVA, 1 iepak./5x 60 g, ar vistas vai liellopa garšu",N/A,1.99,N/A
"Papīra dvieļi BLOOM REGULAR, 1 rullis/300 loksnes, divi slāņi",N/A,2.29,N/A
"Pudiņš MULLER, 450 g, vaniļas-ķiršu vai šokolādes-vaniļas",N/A,1.79,N/A
"Zemeņu jogurta dzērieni ACTIMEL, 1 iepak./14x 100 g",N/A,3.99,N/A
"Sviests WELL DONE, 500 g, 82%",N/A,2.99,N/A
"Siers DELI Q DAILY EDAM vai GOUDA šķēlēs, 500 g",N/A,3.99,N/A
"Rīvēts cietais siers GRANAROLO, 500 g",N/A,8.99,N/A
"Cāļa pusspārni garšvielās RĪGAS MIESNIEKS, 800 g",N/A,3.49,-50%
"Auksti kūpināts bekons amerikāņu gaumē RAKVERE, 1 kg",N/A,9.99,-36%
"Karsti kūpinātas Kabanos desiņas XXL WELL DONE, 480 g",N/A,4.49,-42%
"Surimi nūjiņas VIČI CLASSIC, 2x 500 g, atdzesētas",N/A,5.59,N/A
"Pica RISTORANTE MARGHERITA vai PROSCIUTTO, 550 g vai 580 g",N/A,3.99,N/A
"Frī kartupeļi AVIKO ORIGINAL, 1,5 kg",N/A,3.49,N/A
"Ceptas pupiņas tomātu mērcē HEINZ, 1 iepak./4x 415 g",N/A,5.99,N/A
"Konservēta saldā kukurūza BONDUELLE, 670 g",N/A,2.19,N/A
"Ātri pagatavojamās nūdeles REEVA, 1 iepak./5x 60 g, ar vistas vai liellopa garšu",N/A,1.99,N/A
"Virtuves dvieļu komplekts ELDORADO HOME, 1 iepak./4 gab., 45x65 cm, divas krāsas",N/A,3.49,N/A
"Vīriešu zeķes FILA F9398, 1 iepak./6 pāri, izmēri 39-46",N/A,8.99,N/A
"Paklājiņu komplekts HOME EXPERT, 1 iepak./2 gab., 45x75/45x45 cm, divas krāsas",N/A,5.99,N/A
"Spilvenu komplekts, 1 iepak./2 gab., 50x70 cm",N/A,9.99,N/A
"Vīriešu bokseršorti PIERRE CARDIN, 1 iepak./4 gab., izmēri M-XXL, dažādas krāsas",N/A,12.99,N/A
"Argentīnas heks bez galvas WELL DONE, 1 kg, atdzesēts",N/A,5.99,-20%
"Sarkanie sīpoli, 1 kg",N/A,0.49,-51%
"Kefīrs FARM MILK, 1 kg, 2%, plēvē",N/A,0.89,N/A
"Piens FARM MILK, 1 l, 2%, plēvē",N/A,0.75,N/A
"Pilnpiena biezpiens BALTAIS, 180 g, 9%",N/A,0.69,-47%
"Baltmaize MANA MAIZE, 300 g",N/A,0.39,N/A
"Griķi EXTRA LINE, 1 iepak./4x 100 g",N/A,0.69,N/A
Veļas mazgāšanas želejām un pulveriem ARIEL,N/A,N/A,N/A
Veļas mazgāšanas želejām un pulveriem PERSIL,N/A,N/A,N/A
Veļas mazgāšanas līdzekļiem PERWOLL,N/A,N/A,N/A
"Virtuves dvieļu komplekts ELDORADO HOME, 1 iepak./4 gab., 45x65 cm, divas krāsas",N/A,3.49,N/A
"Vīriešu zeķes FILA F9398, 1 iepak./6 pāri, izmēri 39-46",N/A,8.99,N/A
"Paklājiņu komplekts HOME EXPERT, 1 iepak./2 gab., 45x75/45x45 cm, divas krāsas",N/A,5.99,N/A
"Spilvenu komplekts, 1 iepak./2 gab., 50x70 cm",N/A,9.99,N/A
"Vīriešu bokseršorti PIERRE CARDIN, 1 iepak./4 gab., izmēri M-XXL, dažādas krāsas",N/A,12.99,N/A
"Argentīnas heks bez galvas WELL DONE, 1 kg, atdzesēts",N/A,5.99,-20%
"Sarkanie sīpoli, 1 kg",N/A,0.49,-51%
"Kefīrs FARM MILK, 1 kg, 2%, plēvē",N/A,0.89,N/A
"Piens FARM MILK, 1 l, 2%, plēvē",N/A,0.75,N/A
"Pilnpiena biezpiens BALTAIS, 180 g, 9%",N/A,0.69,-47%
"Baltmaize MANA MAIZE, 300 g",N/A,0.39,N/A
"Griķi EXTRA LINE, 1 iepak./4x 100 g",N/A,0.69,N/A
Veļas mazgāšanas želejām un pulveriem ARIEL,N/A,N/A,N/A
Veļas mazgāšanas želejām un pulveriem PERSIL,N/A,N/A,N/A
Veļas mazgāšanas līdzekļiem PERWOLL,N/A,N/A,N/A
Veļas un veļas mazgājamās mašīnas palīglīdzekļiem DR. BECKMENN,N/A,N/A,N/A
Veļas smaržu granulām LENOR,N/A,N/A,N/A
Veļas mīkstināšanas līdzekļiem un smaržinātājiem SILAN,N/A,N/A,N/A
Balinātājiem un traipu tīrīšanas līdzekļiem ACE,N/A,N/A,N/A
Veļas mazgāšanas un sadzīves tīrīšanas līdzekļiem MAYERI,N/A,N/A,N/A
Traipu un paklāju tīrīšanas līdzekļiem VANISH,N/A,N/A,N/A
"Traipu tīrīšanas pulveris THE PINK STUFF baltai vai krāsainai veļai, 1 kg",N/A,5.59,-30%
Ūdens mīkstinātājiem CALGON,N/A,N/A,N/A
Sadzīves tīrīšanas un kopšanas līdzekļiem FROSCH,N/A,N/A,N/A
Sadzīves tīrīšanas līdzekļiem AJAX,N/A,N/A,N/A
Sadzīves tīrīšanas līdzekļiem CILLIT,N/A,N/A,N/A
Sadzīves tīrīšanas līdzekļiem MR. PROPER,N/A,N/A,N/A
Sadzīves tīrīšanas līdzekļiem CIF,N/A,N/A,N/A
Sadzīves tīrīšanas līdzekļiem SEAL,N/A,N/A,N/A
"Tīrīšanas līdzeklis KH-7, 750 ml, trīs veidi",N/A,3.29,-53%
Veļas un veļas mazgājamās mašīnas palīglīdzekļiem DR. BECKMENN,N/A,N/A,N/A
Veļas smaržu granulām LENOR,N/A,N/A,N/A
Veļas mīkstināšanas līdzekļiem un smaržinātājiem SILAN,N/A,N/A,N/A
Balinātājiem un traipu tīrīšanas līdzekļiem ACE,N/A,N/A,N/A
Veļas mazgāšanas un sadzīves tīrīšanas līdzekļiem MAYERI,N/A,N/A,N/A
Traipu un paklāju tīrīšanas līdzekļiem VANISH,N/A,N/A,N/A
"Traipu tīrīšanas pulveris THE PINK STUFF baltai vai krāsainai veļai, 1 kg",N/A,5.59,-30%
Ūdens mīkstinātājiem CALGON,N/A,N/A,N/A
Sadzīves tīrīšanas un kopšanas līdzekļiem FROSCH,N/A,N/A,N/A
Sadzīves tīrīšanas līdzekļiem AJAX,N/A,N/A,N/A
Sadzīves tīrīšanas līdzekļiem CILLIT,N/A,N/A,N/A
Sadzīves tīrīšanas līdzekļiem MR. PROPER,N/A,N/A,N/A
Sadzīves tīrīšanas līdzekļiem CIF,N/A,N/A,N/A
Sadzīves tīrīšanas līdzekļiem SEAL,N/A,N/A,N/A
"Tīrīšanas līdzeklis KH-7, 750 ml, trīs veidi",N/A,3.29,-53%
Higiēnas papīra produkcijai ZEWA,N/A,N/A,N/A
Higiēnas papīra produkcijai BLOOM,N/A,N/A,N/A
Produkcijai SCRUB DADDY,N/A,N/A,N/A
Produkcijai VILEDA,N/A,N/A,N/A
Produkcijai SWIFFER,N/A,N/A,N/A
Produkcijai SPONTEX,N/A,N/A,N/A
Mājsaimniecības piederumiem,N/A,N/A,N/A
Tīrīšanas piederumiem THE PINK STUFF,N/A,N/A,N/A
Produkcijai LEIFHEIT,N/A,N/A,N/A
"Tvaika gludeklis TEFAL DT2040E1, 1 gab.",N/A,29.99,N/A
"Logu tīrīšanas robots HENSKE X11Pro, 1 gab.",N/A,74.99,N/A
"Robots putekļsūcējs XIAOMI E10 EU, 1 gab.",N/A,134.99,N/A
"Grīdas uzkopšanas komplekts LEIFHEIT POWER CLEAN, 1 gab., 33 cm",N/A,28.99,N/A
"Putekļu sūcējs XIAOMI G20, 1 gab.",N/A,79.99,N/A
"Putekļu sūcējs KARCHER KWD 3, 1 gab.",N/A,59.99,N/A
Higiēnas papīra produkcijai ZEWA,N/A,N/A,N/A
Higiēnas papīra produkcijai BLOOM,N/A,N/A,N/A
Produkcijai SCRUB DADDY,N/A,N/A,N/A
Produkcijai VILEDA,N/A,N/A,N/A
Produkcijai SWIFFER,N/A,N/A,N/A
Produkcijai SPONTEX,N/A,N/A,N/A
Mājsaimniecības piederumiem,N/A,N/A,N/A
Tīrīšanas piederumiem THE PINK STUFF,N/A,N/A,N/A
Produkcijai LEIFHEIT,N/A,N/A,N/A
"Tvaika gludeklis TEFAL DT2040E1, 1 gab.",N/A,29.99,N/A
"Logu tīrīšanas robots HENSKE X11Pro, 1 gab.",N/A,74.99,N/A
"Robots putekļsūcējs XIAOMI E10 EU, 1 gab.",N/A,134.99,N/A
"Grīdas uzkopšanas komplekts LEIFHEIT POWER CLEAN, 1 gab., 33 cm",N/A,28.99,N/A
"Putekļu sūcējs XIAOMI G20, 1 gab.",N/A,79.99,N/A
"Putekļu sūcējs KARCHER KWD 3, 1 gab.",N/A,59.99,N/A
"Avokado, 1 gab.",N/A,0.79,N/A
"Garie gurķi plēvē, 1 gab.",N/A,1.19,-20%
"Saldie kartupeļi jeb batātes, 1 kg",N/A,1.49,-47%
"Redīsi, 300 g",N/A,0.99,-23%
"Brūnie šampinjoni, 250 g",N/A,1.19,-25%
Lapu salātiem un maisījumiem WELL DONE,N/A,N/A,N/A
Sēklām TAVO SODYBA,N/A,N/A,N/A
"Kāposti marinādē ar burkāniem SMAILIE DIMDIŅI, 650 g",N/A,1.49,N/A
"Sautēti kāposti GARĪŠI, 500 g",N/A,1.49,N/A
"Telpaugs PRĪMULA, 1 gab., Ø12 cm, dažādas krāsas",N/A,2.49,-38%
"Telpaugs KALANHOJA, 1 gab., Ø12 cm",N/A,2.69,-46%
"Grieztie ziedi ROZES, 1 iepak./15 gab., dažādas krāsas",N/A,3.29,-34%
"Piens LIMBAŽU PIENS, 1,5 l, 2,5%",N/A,1.79,N/A
"Piens bez laktozes WELL DONE, 1 l, 1,5%, UHT",N/A,0.99,N/A
"Skābais krējums JAUNPILS ZELTA, 400 g, 20%",N/A,1.79,N/A
"Avokado, 1 gab.",N/A,0.79,N/A
"Garie gurķi plēvē, 1 gab.",N/A,1.19,-20%
"Saldie kartupeļi jeb batātes, 1 kg",N/A,1.49,-47%
"Redīsi, 300 g",N/A,0.99,-23%
"Brūnie šampinjoni, 250 g",N/A,1.19,-25%
Lapu salātiem un maisījumiem WELL DONE,N/A,N/A,N/A
Sēklām TAVO SODYBA,N/A,N/A,N/A
"Kāposti marinādē ar burkāniem SMAILIE DIMDIŅI, 650 g",N/A,1.49,N/A
"Sautēti kāposti GARĪŠI, 500 g",N/A,1.49,N/A
"Telpaugs PRĪMULA, 1 gab., Ø12 cm, dažādas krāsas",N/A,2.49,-38%
"Telpaugs KALANHOJA, 1 gab., Ø12 cm",N/A,2.69,-46%
"Grieztie ziedi ROZES, 1 iepak./15 gab., dažādas krāsas",N/A,3.29,-34%
"Piens LIMBAŽU PIENS, 1,5 l, 2,5%",N/A,1.79,N/A
"Piens bez laktozes WELL DONE, 1 l, 1,5%, UHT",N/A,0.99,N/A
"Skābais krējums JAUNPILS ZELTA, 400 g, 20%",N/A,1.79,N/A
"Cigoriņu vai olu liķiera saldējums DRUVA, 500 g",N/A,3.99,N/A
"Vaniļas saldējums MIO&RIO, 1 iepak./6x 65 g",N/A,2.29,N/A
"Sviesta kruasāni WELL DONE, 350 g vai 360 g, divi veidi",N/A,3.29,N/A
"Saldēti ķirši WELL DONE, 400 g",N/A,1.99,N/A
"Pavasara dārzeņu maisījums BONDUELLE, 400 g",N/A,1.39,N/A
"Frī kartupeļi AVIKO, 750 g, ORIGINAL vai STEAK",N/A,2.69,N/A
"Pelmeņi TRADITIONAL ar vistas gaļu, 2x 400 g",N/A,3.99,N/A
"Pica FELICIANA, 320 g vai 360 g, ar šķiņķi un pesto vai ar salami un čorizo desu",N/A,2.59,N/A
"Dabīgais vai marinēts tofu LUNTER, 180 g",N/A,1.19,N/A
"Brūnās vistu olas BALTICOVO, 1 iepak./10 gab., izmērs M/L",N/A,1.99,N/A
"Majonēze ĻUBI, 300 g, 30% vai 67%",N/A,1.09,N/A
"Majonēze WELL DONE CLASSIC, 390 g, 73%",N/A,1.89,N/A
"Cūkgaļas krūtiņa bez kaula, ar ādu WELL DONE, 1 kg, fasēta",N/A,5.99,N/A
"Cūkgaļas kakla karbonāde šķēles WELL DONE, 360 g",N/A,2.69,N/A
"Cūkgaļas gulašs WELL DONE, 400 g",N/A,2.29,N/A
"Cigoriņu vai olu liķiera saldējums DRUVA, 500 g",N/A,3.99,N/A
"Vaniļas saldējums MIO&RIO, 1 iepak./6x 65 g",N/A,2.29,N/A
"Sviesta kruasāni WELL DONE, 350 g vai 360 g, divi veidi",N/A,3.29,N/A
"Saldēti ķirši WELL DONE, 400 g",N/A,1.99,N/A
"Pavasara dārzeņu maisījums BONDUELLE, 400 g",N/A,1.39,N/A
"Frī kartupeļi AVIKO, 750 g, ORIGINAL vai STEAK",N/A,2.69,N/A
"Pelmeņi TRADITIONAL ar vistas gaļu, 2x 400 g",N/A,3.99,N/A
"Pica FELICIANA, 320 g vai 360 g, ar šķiņķi un pesto vai ar salami un čorizo desu",N/A,2.59,N/A
"Dabīgais vai marinēts tofu LUNTER, 180 g",N/A,1.19,N/A
"Brūnās vistu olas BALTICOVO, 1 iepak./10 gab., izmērs M/L",N/A,1.99,N/A
"Majonēze ĻUBI, 300 g, 30% vai 67%",N/A,1.09,N/A
"Majonēze WELL DONE CLASSIC, 390 g, 73%",N/A,1.89,N/A
"Cūkgaļas krūtiņa bez kaula, ar ādu WELL DONE, 1 kg, fasēta",N/A,5.99,N/A
"Cūkgaļas kakla karbonāde šķēles WELL DONE, 360 g",N/A,2.69,N/A
"Cūkgaļas gulašs WELL DONE, 400 g",N/A,2.29,N/A
"Saida bez galvas, 1 kg, atdzesēt",N/A,6.99,-22%
"Foreles fileja ar ādu, 1 kg, atdzesēt",N/A,14.99,-35%
"Ikru smēriņš ar garnelēm VIČI CLASSIC, 2x 160 g",N/A,3.59,N/A
"Surimi gabaliņi VIČI SNOW CRAB, 2x 120 g",N/A,2.49,N/A
"Mazsālītas siļķu filejas eļļā WELL DONE, 450 g",N/A,2.99,N/A
"Siļķu filejas eļļā KAIJA MATJE, 250 g",N/A,1.99,N/A
"Šprotes eļļā ar diļļu garšu BRĪVAIS VILNIS, 160 g",N/A,2.29,N/A
"Makreļtunzivs gabaliņi eļļā vai savā sulā BLIK, 185 g",N/A,1.79,N/A
"Garneles SUNRISE, 225 g, 100-200, tīrītas, vārītas",N/A,4.99,N/A
"Kalmāra gredzeni mīklā WELL DONE, 500 g",N/A,2.99,N/A
"Zivju filejas pirkstiņi WELL DONE, 450 g",N/A,2.59,N/A
"Cāļa gaļas čipsi vai klasiskais cūkgaļas JERKY KODIENS, 45 g vai 50 g, RĪGAS MIESNIEK",N/A,1.39,N/A
"Karsti kūpināta cūkgaļas karbonāde vai bekons, 85 g, NĀKOTNE",N/A,0.79,-47%
"Cepta cāļa kebaba gaļa WELL DONE, 350 g",N/A,3.19,N/A
"Karsti kūpinātas Kabanos desiņas BIOVELA, 100 g, klasiskās vai ar sieru",N/A,1.39,N/A
"Saida bez galvas, 1 kg, atdzesēt",N/A,6.99,-22%
"Foreles fileja ar ādu, 1 kg, atdzesēt",N/A,14.99,-35%
"Ikru smēriņš ar garnelēm VIČI CLASSIC, 2x 160 g",N/A,3.59,N/A
"Surimi gabaliņi VIČI SNOW CRAB, 2x 120 g",N/A,2.49,N/A
"Mazsālītas siļķu filejas eļļā WELL DONE, 450 g",N/A,2.99,N/A
"Siļķu filejas eļļā KAIJA MATJE, 250 g",N/A,1.99,N/A
"Šprotes eļļā ar diļļu garšu BRĪVAIS VILNIS, 160 g",N/A,2.29,N/A
"Makreļtunzivs gabaliņi eļļā vai savā sulā BLIK, 185 g",N/A,1.79,N/A
"Garneles SUNRISE, 225 g, 100-200, tīrītas, vārītas",N/A,4.99,N/A
"Kalmāra gredzeni mīklā WELL DONE, 500 g",N/A,2.99,N/A
"Zivju filejas pirkstiņi WELL DONE, 450 g",N/A,2.59,N/A
"Cāļa gaļas čipsi vai klasiskais cūkgaļas JERKY KODIENS, 45 g vai 50 g, RĪGAS MIESNIEK",N/A,1.39,N/A
"Karsti kūpināta cūkgaļas karbonāde vai bekons, 85 g, NĀKOTNE",N/A,0.79,-47%
"Cepta cāļa kebaba gaļa WELL DONE, 350 g",N/A,3.19,N/A
"Karsti kūpinātas Kabanos desiņas BIOVELA, 100 g, klasiskās vai ar sieru",N/A,1.39,N/A
"Cūkgaļas karbonādes, 1 iepak./2x 110 g",N/A,2.99,N/A
"Gulašs ar kartupeļu biezeni, 350 g",N/A,3.19,N/A
"Sviestmaize BIG ar vistas kebabu vai ar šķiņķi un sieru, 240 g vai 255 g, FOOD ON FOOT",N/A,2.19,N/A
"Pankūkas ar tītara gaļas pildījumu BALTAIS, 270 g",N/A,2.79,-20%
"Plānās pankūkas MAMMA, 350 g",N/A,1.99,-26%
"Rollini ar zemenēm un RICOTTA sieru, 95 g",N/A,0.59,-34%
"Mafins ar kļavu sīrupu vai šokolādes, 90 g",N/A,0.75,-24%
"Virtulis BANOFFEE banānu pildījumu, 3x 50 g",N/A,1.00,N/A
"Pīrādziņi ar gaļu, 200 g",N/A,1.49,-25%
"Pīrādziņš ar cīsiņu un gurķu-sinepju mērci, 100 g",N/A,0.69,N/A
"Tumšā bagete ar trifeļu garšas sviestu, 160 g",N/A,0.69,-30%
"Siera biezpiena kūka KŪKO LATVIJAS MAIZNIEKS, 950 g",N/A,7.99,-25%
"Torte BUBBLE GUM TASTE STORY, 650 g",N/A,6.99,-36%
"Eklēri ar banānu garšu PELLIJA, 200 g",N/A,2.79,N/A
"Deserts BIEZPIENA TORTE, 110 g, ar melleņu vai ķiršu ievārījumu",N/A,1.49,-21%
"Cūkgaļas karbonādes, 1 iepak./2x 110 g",N/A,2.99,N/A
"Gulašs ar kartupeļu biezeni, 350 g",N/A,3.19,N/A
"Sviestmaize BIG ar vistas kebabu vai ar šķiņķi un sieru, 240 g vai 255 g, FOOD ON FOOT",N/A,2.19,N/A
"Pankūkas ar tītara gaļas pildījumu BALTAIS, 270 g",N/A,2.79,-20%
"Plānās pankūkas MAMMA, 350 g",N/A,1.99,-26%
"Rollini ar zemenēm un RICOTTA sieru, 95 g",N/A,0.59,-34%
"Mafins ar kļavu sīrupu vai šokolādes, 90 g",N/A,0.75,-24%
"Virtulis BANOFFEE banānu pildījumu, 3x 50 g",N/A,1.00,N/A
"Pīrādziņi ar gaļu, 200 g",N/A,1.49,-25%
"Pīrādziņš ar cīsiņu un gurķu-sinepju mērci, 100 g",N/A,0.69,N/A
"Tumšā bagete ar trifeļu garšas sviestu, 160 g",N/A,0.69,-30%
"Siera biezpiena kūka KŪKO LATVIJAS MAIZNIEKS, 950 g",N/A,7.99,-25%
"Torte BUBBLE GUM TASTE STORY, 650 g",N/A,6.99,-36%
"Eklēri ar banānu garšu PELLIJA, 200 g",N/A,2.79,N/A
"Deserts BIEZPIENA TORTE, 110 g, ar melleņu vai ķiršu ievārījumu",N/A,1.49,-21%
"Rupjais vai smalkais galda sāls VALDO, 1 kg",N/A,0.79,N/A
"Vīnogu kauliņu eļļa WELL DONE, 750 ml",N/A,4.99,N/A
Putraimiem WELL DONE,N/A,N/A,N/A
Putraimiem ZELTA SAULE,N/A,N/A,N/A
"Saulespuķu vai rapšu eļļa PĒRNES PREMIUM, 1 l",N/A,2.49,N/A
Miltu maisījumiem DOBELE,N/A,N/A,N/A
"Konfektes SKITTLES, 95 g, trīs veidi",N/A,1.49,N/A
"Košļājamās konfektes MAMBA, 1 iepak./4 gab., 106 g, trīs veidi",N/A,0.99,N/A
"Pastila HALLS, 33,5 g vai 45 g, četri veidi",N/A,0.69,-37%
"Šokolādes konfektes MIGLE, 1 kg",N/A,7.99,N/A
"Šokolāde KARL FAZER, 180 g vai 200 g, trīs veidi",N/A,3.79,N/A
"Šokolādes batoniņš SNICKERS, TWIX vai MARS, 36,5-51 g, četri veidi",N/A,0.79,N/A
"Vaniļas vai aveņu zefīrs JACO, 1 kg",N/A,5.49,N/A
"Konfektes SKRĪVERU GOTIŅA, 250 g, klasiskās vai ar lazdu riekstiem",N/A,2.99,N/A
"Zefīrs ar kakao vai krāsainām skaidiņām, 120 g, PUFF CHOCO vai RAINBOW",N/A,0.99,N/A
"Rupjais vai smalkais galda sāls VALDO, 1 kg",N/A,0.79,N/A
"Vīnogu kauliņu eļļa WELL DONE, 750 ml",N/A,4.99,N/A
Putraimiem WELL DONE,N/A,N/A,N/A
Putraimiem ZELTA SAULE,N/A,N/A,N/A
"Saulespuķu vai rapšu eļļa PĒRNES PREMIUM, 1 l",N/A,2.49,N/A
Miltu maisījumiem DOBELE,N/A,N/A,N/A
"Konfektes SKITTLES, 95 g, trīs veidi",N/A,1.49,N/A
"Košļājamās konfektes MAMBA, 1 iepak./4 gab., 106 g, trīs veidi",N/A,0.99,N/A
"Pastila HALLS, 33,5 g vai 45 g, četri veidi",N/A,0.69,-37%
"Šokolādes konfektes MIGLE, 1 kg",N/A,7.99,N/A
"Šokolāde KARL FAZER, 180 g vai 200 g, trīs veidi",N/A,3.79,N/A
"Šokolādes batoniņš SNICKERS, TWIX vai MARS, 36,5-51 g, četri veidi",N/A,0.79,N/A
"Vaniļas vai aveņu zefīrs JACO, 1 kg",N/A,5.49,N/A
"Konfektes SKRĪVERU GOTIŅA, 250 g, klasiskās vai ar lazdu riekstiem",N/A,2.99,N/A
"Zefīrs ar kakao vai krāsainām skaidiņām, 120 g, PUFF CHOCO vai RAINBOW",N/A,0.99,N/A
"Tēja LIPTON SUN EARL GREY, 2x 1 iepak./50x 1,5 g",N/A,4.99,N/A
"Augļu vai zāļu tēja HERBITUM, 1 iepak./20x 2 g vai 2,5 g",N/A,1.49,N/A
"Šķīstošais kakao dzēriens NESQUIK, 150 g",N/A,1.89,N/A
"Kafijas pupiņas LOR FORZA vai CLASSIQUE, 1 kg",N/A,21.99,N/A
"Kafijas pupiņas LAVAZZA ORO vai ESPRESSO, 1 kg",N/A,23.49,N/A
"Kafijas kapsulas LAVAZZA, 1 iepak./16x 7,5 g vai 8 g, trīs veidi",N/A,5.99,N/A
"Šķīstošā kafija JACOBS KRONUNG, 200 g",N/A,8.49,N/A
"Šķīstošā kafija NESCAFE GOLD, 200 g",N/A,9.99,N/A
"Šķīstošā kafija NESCAFE 3in1 CLASSIC, 1 iepak./20x 16,5 g",N/A,3.99,N/A
"Maltā kafija MERRILD IN-CUP, 500 g",N/A,8.99,N/A
"Maltā kafija PAULIG CLASSIC, 500 g, divi veidi",N/A,8.99,N/A
"Maltā kafija LAVAZZA ORO vai ESPRESSO, 250 g, bundžā",N/A,7.49,N/A
"Kvasa dzēriens SENČU, 1,5 l",N/A,0.99,N/A
"Gāzēts dzēriens citronu-piparmētru dzēriens ENJOY, 1,5 l, ar laima vai zemeņu garšu",N/A,1.19,-30%
"Gāzēts dzēriens PEPSI, 2 l",N/A,1.49,N/A
"Tēja LIPTON SUN EARL GREY, 2x 1 iepak./50x 1,5 g",N/A,4.99,N/A
"Augļu vai zāļu tēja HERBITUM, 1 iepak./20x 2 g vai 2,5 g",N/A,1.49,N/A
"Šķīstošais kakao dzēriens NESQUIK, 150 g",N/A,1.89,N/A
"Kafijas pupiņas LOR FORZA vai CLASSIQUE, 1 kg",N/A,21.99,N/A
"Kafijas pupiņas LAVAZZA ORO vai ESPRESSO, 1 kg",N/A,23.49,N/A
"Kafijas kapsulas LAVAZZA, 1 iepak./16x 7,5 g vai 8 g, trīs veidi",N/A,5.99,N/A
"Šķīstošā kafija JACOBS KRONUNG, 200 g",N/A,8.49,N/A
"Šķīstošā kafija NESCAFE GOLD, 200 g",N/A,9.99,N/A
"Šķīstošā kafija NESCAFE 3in1 CLASSIC, 1 iepak./20x 16,5 g",N/A,3.99,N/A
"Maltā kafija MERRILD IN-CUP, 500 g",N/A,8.99,N/A
"Maltā kafija PAULIG CLASSIC, 500 g, divi veidi",N/A,8.99,N/A
"Maltā kafija LAVAZZA ORO vai ESPRESSO, 250 g, bundžā",N/A,7.49,N/A
"Kvasa dzēriens SENČU, 1,5 l",N/A,0.99,N/A
"Gāzēts dzēriens citronu-piparmētru dzēriens ENJOY, 1,5 l, ar laima vai zemeņu garšu",N/A,1.19,-30%
"Gāzēts dzēriens PEPSI, 2 l",N/A,1.49,N/A
Uztura bagātinātājiem PHARMA,N/A,N/A,N/A
Higiēnas precēm NATURELLA,N/A,N/A,N/A
"Zobu pasta ELMEX bērniem, 50 ml, 0-6 gadu vecumam",N/A,2.89,N/A
"BIO augļu biezenis HOLLE, 100 g, četri veidi",N/A,1.15,N/A
"Biezenis OVKO bez cukura, 120 g, 6+, divi veidi",N/A,1.09,N/A
Zīdaiņu aksesuāriem,N/A,N/A,N/A
"Autiņbiksītes MOONY, 1 iepak./38-52 gab., izmēri M-XL",N/A,15.99,N/A
"Autiņbiksītes PAMPERS PREMIUM CARE, 1 iepak./44-60 gab., S3-5",N/A,14.99,N/A
Mitrajam salvetēm HUGGIES,N/A,N/A,N/A
Sausajai kaķu barībai PURINA ONE,N/A,N/A,N/A
Konservētajai suņu barībai PIPER,N/A,N/A,N/A
"Konservētā suņu barība PEDIGREE, 1 iepak./4x 100 g, trīs veidi",N/A,1.89,N/A
"Konservētā kaķu barība SHEBA, 1 iepak./4x 85 g vai 6x 50 g, četri veidi",N/A,1.99,N/A
"Smiltis kaķu tualetei KITTYFRIEND, 10 l, necementējošas",N/A,4.99,N/A
Kapu svecēm,N/A,N/A,N/A
Uztura bagātinātājiem PHARMA,N/A,N/A,N/A
Higiēnas precēm NATURELLA,N/A,N/A,N/A
"Zobu pasta ELMEX bērniem, 50 ml, 0-6 gadu vecumam",N/A,2.89,N/A
"BIO augļu biezenis HOLLE, 100 g, četri veidi",N/A,1.15,N/A
"Biezenis OVKO bez cukura, 120 g, 6+, divi veidi",N/A,1.09,N/A
Zīdaiņu aksesuāriem,N/A,N/A,N/A
"Autiņbiksītes MOONY, 1 iepak./38-52 gab., izmēri M-XL",N/A,15.99,N/A
"Autiņbiksītes PAMPERS PREMIUM CARE, 1 iepak./44-60 gab., S3-5",N/A,14.99,N/A
Mitrajam salvetēm HUGGIES,N/A,N/A,N/A
Sausajai kaķu barībai PURINA ONE,N/A,N/A,N/A
Konservētajai suņu barībai PIPER,N/A,N/A,N/A
"Konservētā suņu barība PEDIGREE, 1 iepak./4x 100 g, trīs veidi",N/A,1.89,N/A
"Konservētā kaķu barība SHEBA, 1 iepak./4x 85 g vai 6x 50 g, četri veidi",N/A,1.99,N/A
"Smiltis kaķu tualetei KITTYFRIEND, 10 l, necementējošas",N/A,4.99,N/A
Kapu svecēm,N/A,N/A,N/A
"Baterijas WESTROM, 1 iepak./8 gab., 1,5 V, AA vai AAA",N/A,1.99,N/A
"Auto stiklu mazgāšanas līdzeklis ROTZ, 4 l, -25⁰C",N/A,3.99,N/A
"Garneles WELL DONE, 300 g, 70/80, neapstrādātas, atkausētas",N/A,2.99,-35%
"Cālis RĪGAS MIESNIEKS, 1 kg, fasēts, audzēts bez antibiotikām",N/A,2.99,-40%
Pārstrādātās gaļas produkcijai ĀDAŽI,N/A,N/A,N/A
Brokastu pārslām un musli batoniņiem,N/A,N/A,N/A
Jogurtiem un jogurta dzērieniem,N/A,N/A,N/A
Majonēzēm,N/A,N/A,N/A
"Pannām, katliem un vākiem",N/A,N/A,N/A
Auto precēm,N/A,N/A,N/A
"Zīdaiņu pārtikai, autiņbiksītēm un kosmētikai, (izņemot speciālajiem piena maisījumiem un maisījumiem kopš dzimšanas)",N/A,N/A,N/A
Jog.SKYR ISLANDES bez pied. 400g,N/A,1.49,N/A
Jogurts DANONKI ar zem.garšu 70g,N/A,0.59,N/A
Jogurts DANONKI ar van.garšu 70g,N/A,0.59,N/A
Biezpiens 5% JAUNPILS 275g,N/A,1.69,N/A
"Baterijas WESTROM, 1 iepak./8 gab., 1,5 V, AA vai AAA",N/A,1.99,N/A
"Auto stiklu mazgāšanas līdzeklis ROTZ, 4 l, -25⁰C",N/A,3.99,N/A
"Garneles WELL DONE, 300 g, 70/80, neapstrādātas, atkausētas",N/A,2.99,-35%
"Cālis RĪGAS MIESNIEKS, 1 kg, fasēts, audzēts bez antibiotikām",N/A,2.99,-40%
Pārstrādātās gaļas produkcijai ĀDAŽI,N/A,N/A,N/A
Brokastu pārslām un musli batoniņiem,N/A,N/A,N/A
Jogurtiem un jogurta dzērieniem,N/A,N/A,N/A
Majonēzēm,N/A,N/A,N/A
"Pannām, katliem un vākiem",N/A,N/A,N/A
Auto precēm,N/A,N/A,N/A
"Zīdaiņu pārtikai, autiņbiksītēm un kosmētikai, (izņemot speciālajiem piena maisījumiem un maisījumiem kopš dzimšanas)",N/A,N/A,N/A
Jog.SKYR ISLANDES bez pied. 400g,N/A,1.49,N/A
Jogurts DANONKI ar zem.garšu 70g,N/A,0.59,N/A
Jogurts DANONKI ar van.garšu 70g,N/A,0.59,N/A
Biezpiens 5% JAUNPILS 275g,N/A,1.69,N/A
Siers Gouda bez lakt.WELL DONE 48% 150g,N/A,1.49,N/A
Rīvēts siers Mozzarella WELL DONE45%150g,N/A,1.49,N/A
Biezp.sieriņš KĀRUMS magoņu plomb. 45g,N/A,0.39,N/A
Biezpiena sieriņš banānu KĀRUMS 45g,N/A,0.39,N/A
Jogurts Oga BALTAIS mango 1kg,N/A,1.49,N/A
Biezpiena sieriņš KĀRUMS melleņu 45g,N/A,0.39,N/A
Raudz.piena prod.LAKTO bez laktozes 200g,N/A,0.99,N/A
Raudz.prod.LAKTO meža zem.bez lakt.200g,N/A,0.99,N/A
Raudz.prod.LAKTO aveņu bez lakt.200g,N/A,0.99,N/A
Krēj.pud.brūnās karam.garša BALTAIS 150g,N/A,0.69,N/A
Krēj.pud.saldo ķiršu garša BALTAIS 150g,N/A,0.69,N/A
Krēj.pud.tropu augļu garša BALTAIS 150g,N/A,0.69,N/A
Jogurta kokteilis mango VALMIERA 220g,N/A,0.99,N/A
Jog.kokt.banānu-vaniļas VALMIERA 220g,N/A,0.99,N/A
Proteīna biezp.krēms vaniļ.BALTAIS 200g,N/A,1.39,N/A
Siers Gouda bez lakt.WELL DONE 48% 150g,N/A,1.49,N/A
Rīvēts siers Mozzarella WELL DONE45%150g,N/A,1.49,N/A
Biezp.sieriņš KĀRUMS magoņu plomb. 45g,N/A,0.39,N/A
Biezpiena sieriņš banānu KĀRUMS 45g,N/A,0.39,N/A
Jogurts Oga BALTAIS mango 1kg,N/A,1.49,N/A
Biezpiena sieriņš KĀRUMS melleņu 45g,N/A,0.39,N/A
Raudz.piena prod.LAKTO bez laktozes 200g,N/A,0.99,N/A
Raudz.prod.LAKTO meža zem.bez lakt.200g,N/A,0.99,N/A
Raudz.prod.LAKTO aveņu bez lakt.200g,N/A,0.99,N/A
Krēj.pud.brūnās karam.garša BALTAIS 150g,N/A,0.69,N/A
Krēj.pud.saldo ķiršu garša BALTAIS 150g,N/A,0.69,N/A
Krēj.pud.tropu augļu garša BALTAIS 150g,N/A,0.69,N/A
Jogurta kokteilis mango VALMIERA 220g,N/A,0.99,N/A
Jog.kokt.banānu-vaniļas VALMIERA 220g,N/A,0.99,N/A
Proteīna biezp.krēms vaniļ.BALTAIS 200g,N/A,1.39,N/A
Raudz.piena produkts LAKTO barbeļu 450g,N/A,1.39,N/A
"Jogurts OGA zemeņu 1,8% 1kg",N/A,1.49,N/A
"Jogurts OGA ķiršu 1,8% 1kg",N/A,1.49,N/A
"Jogurts OGA persiku 1,8% 1kg",N/A,1.49,N/A
Biezpiena sieriņš KĀRUMS riekstu 45g,N/A,0.39,N/A
Skābais krēms TUKUMA 20% 400g plēvē,N/A,0.99,N/A
"Sviests EXPORTA 82,5% 200g",N/A,1.79,N/A
Skābais krējums EXPORTA 25% 360g,N/A,1.79,N/A
"Jogurts OGA melleņu 1,8% 1kg",N/A,1.49,N/A
"Kefīrs LIMBAŽU 2,5% 1,5kg",N/A,1.79,N/A
Biezpiens JAUNPILS pilnpiena 9% 275g,N/A,1.79,N/A
"Biezpiens JAUNPILS vājpiena 0,5% 275g",N/A,1.59,N/A
Kazas siers šķēlītēs GOAT FARM 100g,N/A,1.99,N/A
Graudainais biezpiens ANNELE 7% 180g,N/A,1.19,N/A
Jog.dzēr. ACTIMEL zem.kaz.mell. 12x100g,N/A,4.49,N/A
Raudz.piena produkts LAKTO barbeļu 450g,N/A,1.39,N/A
"Jogurts OGA zemeņu 1,8% 1kg",N/A,1.49,N/A
"Jogurts OGA ķiršu 1,8% 1kg",N/A,1.49,N/A
"Jogurts OGA persiku 1,8% 1kg",N/A,1.49,N/A
Biezpiena sieriņš KĀRUMS riekstu 45g,N/A,0.39,N/A
Skābais krēms TUKUMA 20% 400g plēvē,N/A,0.99,N/A
"Sviests EXPORTA 82,5% 200g",N/A,1.79,N/A
Skābais krējums EXPORTA 25% 360g,N/A,1.79,N/A
"Jogurts OGA melleņu 1,8% 1kg",N/A,1.49,N/A
"Kefīrs LIMBAŽU 2,5% 1,5kg",N/A,1.79,N/A
Biezpiens JAUNPILS pilnpiena 9% 275g,N/A,1.79,N/A
"Biezpiens JAUNPILS vājpiena 0,5% 275g",N/A,1.59,N/A
Kazas siers šķēlītēs GOAT FARM 100g,N/A,1.99,N/A
Graudainais biezpiens ANNELE 7% 180g,N/A,1.19,N/A
Jog.dzēr. ACTIMEL zem.kaz.mell. 12x100g,N/A,4.49,N/A
"Piens RASĒNS banānu 1,5% 200ml",N/A,0.59,N/A
"Piens RASĒNS zemeņu 1,5% 200ml",N/A,0.59,N/A
Maizes jogurts ar žāv.plūmēm 380 g,N/A,1.19,N/A
Jogurts GRIEĶU bez piedevām 400g,N/A,1.49,N/A
Raudz.piena prod.LAKTO mell.av. 450g,N/A,1.39,N/A
Raudz.piena prod.LAKTO m.zem. 450g,N/A,1.39,N/A
Pīles stilbiņu gaļa sagriezta 340g,N/A,5.49,N/A
Truša šķiņķa gaļa bez kauliem 200g,N/A,4.44,N/A
Liellopu gaļas steiks BLACK ANGUS 220g,N/A,9.99,N/A
Proteīna batoniņš ar sāļiem riekstiem BAREBELLS 55g,N/A,2.39,N/A
Proteīna batoniņš ar balto šokolādi un mandelēm BAREBELLS 55g,N/A,2.39,N/A
Proteīna batoniņš Creamy Crisp BAREBELLS 55g,N/A,2.39,N/A
Ātri pagatavojamās nūdeles ar vistas garšu SAM YANG 140g,N/A,1.69,N/A
Vītināts cūkgaļas šķiņķis Prosciutto FERRARINI 90g,N/A,2.69,N/A
Vārīts cūkgaļas šķiņķis ar trifelēm FERRARINI 100g,N/A,2.99,N/A
"Piens RASĒNS banānu 1,5% 200ml",N/A,0.59,N/A
"Piens RASĒNS zemeņu 1,5% 200ml",N/A,0.59,N/A
Maizes jogurts ar žāv.plūmēm 380 g,N/A,1.19,N/A
Jogurts GRIEĶU bez piedevām 400g,N/A,1.49,N/A
Raudz.piena prod.LAKTO mell.av. 450g,N/A,1.39,N/A
Raudz.piena prod.LAKTO m.zem. 450g,N/A,1.39,N/A
Pīles stilbiņu gaļa sagriezta 340g,N/A,5.49,N/A
Truša šķiņķa gaļa bez kauliem 200g,N/A,4.44,N/A
Liellopu gaļas steiks BLACK ANGUS 220g,N/A,9.99,N/A
Proteīna batoniņš ar sāļiem riekstiem BAREBELLS 55g,N/A,2.39,N/A
Proteīna batoniņš ar balto šokolādi un mandelēm BAREBELLS 55g,N/A,2.39,N/A
Proteīna batoniņš Creamy Crisp BAREBELLS 55g,N/A,2.39,N/A
Ātri pagatavojamās nūdeles ar vistas garšu SAM YANG 140g,N/A,1.69,N/A
Vītināts cūkgaļas šķiņķis Prosciutto FERRARINI 90g,N/A,2.69,N/A
Vārīts cūkgaļas šķiņķis ar trifelēm FERRARINI 100g,N/A,2.99,N/A
Marinēts gurķis Hot mama VAN HOLTEN'S 306g,N/A,1.99,N/A
Marinēts gurķis Sour sis VAN HOLTEN'S 306g,N/A,1.99,N/A
Marinēts gurķis Big papa VAN HOLTEN'S 306g,N/A,1.99,N/A
Kukurūzas uzkoda Blue Heat TAKIS 100g,N/A,2.49,N/A
Sulas dzēriens Tropical Fruit-Milk DON SIMON 1L,N/A,1.99,N/A
Sulas dzēriens Caribe Fruit-Milk DON SIMON 1L,N/A,1.99,N/A
Sulas dzēriens Multifruit-Milk DON SIMON 1L,N/A,1.99,N/A
Šķīstošais kafijas dzēriens Dubai Chocolate JACOBS 8x15g,N/A,1.89,N/A
Šokolādes batoniņš ar brauniju un zemesriekstiem SNICKERS 45g,N/A,1.29,N/A
Saldējums Sweet Mango Memories BEN&JERRY'S 413g,N/A,4.99,N/A
Vegāniska kologēna līčiju želeja DELIEF 120g,N/A,1.59,N/A
Vegāniska kologēna vīnogu želeja DELIEF 120g,N/A,1.59,N/A
Vegāniska kologēna mango želeja DELIEF 120g,N/A,1.59,N/A
Vegāniska kologēna persiku želeja DELIEF 120g,N/A,1.59,N/A
Plānās sausmaizītes ar trifelēm CHERCHI 100g,N/A,4.99,N/A
Marinēts gurķis Hot mama VAN HOLTEN'S 306g,N/A,1.99,N/A
Marinēts gurķis Sour sis VAN HOLTEN'S 306g,N/A,1.99,N/A
Marinēts gurķis Big papa VAN HOLTEN'S 306g,N/A,1.99,N/A
Kukurūzas uzkoda Blue Heat TAKIS 100g,N/A,2.49,N/A
Sulas dzēriens Tropical Fruit-Milk DON SIMON 1L,N/A,1.99,N/A
Sulas dzēriens Caribe Fruit-Milk DON SIMON 1L,N/A,1.99,N/A
Sulas dzēriens Multifruit-Milk DON SIMON 1L,N/A,1.99,N/A
Šķīstošais kafijas dzēriens Dubai Chocolate JACOBS 8x15g,N/A,1.89,N/A
Šokolādes batoniņš ar brauniju un zemesriekstiem SNICKERS 45g,N/A,1.29,N/A
Saldējums Sweet Mango Memories BEN&JERRY'S 413g,N/A,4.99,N/A
Vegāniska kologēna līčiju želeja DELIEF 120g,N/A,1.59,N/A
Vegāniska kologēna vīnogu želeja DELIEF 120g,N/A,1.59,N/A
Vegāniska kologēna mango želeja DELIEF 120g,N/A,1.59,N/A
Vegāniska kologēna persiku želeja DELIEF 120g,N/A,1.59,N/A
Plānās sausmaizītes ar trifelēm CHERCHI 100g,N/A,4.99,N/A
Mango-marakujas jogurts Protein LAKTO 200g,N/A,0.99,N/A
Saldētas avenes piena un baltajā šokolādē BOUJEE 140g,N/A,3.49,N/A
Saldētas zemenes piena un baltajā šokolādē BOUJEE 140g,N/A,3.49,N/A
Saldētas mellenes piena šokolādē BOUJEE 140g,N/A,3.49,N/A
Vafeles ar lazdu riekstu pildījumu HERSHEY's 55g,N/A,1.69,N/A
Vafeles ar sāļās karameles pildījumu HERSHEY's 55g,N/A,1.69,N/A
Vafeles ar mandarīnu pildījumu HERSHEY's 55g,N/A,1.69,N/A
Sendvičcepums šokolādes MOON PIE 340g,N/A,2.59,N/A
Sendvičcepums banānu MOON PIE 340g,N/A,2.59,N/A
"Liellopa gaļas uzkoda JACK LINK'S 3x22,5g",N/A,2.99,N/A
"Gāzēts dzēriens ar līčijas garšu GLINTER 0,35L",N/A,0.99,N/A
"Gāzēts dzēriens ar mango garšu GLINTER 0,35L",N/A,0.99,N/A
"Gāzēts dzēriens ar zaļo ābolu garšu GLINTER 0,35L",N/A,0.99,N/A
"Vafeļu batoniņs Churros KITKAT 41,5g",N/A,1.69,N/A
"Cepumi zefīra Baby Monster OREO 110,4g",N/A,1.19,N/A
Mango-marakujas jogurts Protein LAKTO 200g,N/A,0.99,N/A
Saldētas avenes piena un baltajā šokolādē BOUJEE 140g,N/A,3.49,N/A
Saldētas zemenes piena un baltajā šokolādē BOUJEE 140g,N/A,3.49,N/A
Saldētas mellenes piena šokolādē BOUJEE 140g,N/A,3.49,N/A
Vafeles ar lazdu riekstu pildījumu HERSHEY's 55g,N/A,1.69,N/A
Vafeles ar sāļās karameles pildījumu HERSHEY's 55g,N/A,1.69,N/A
Vafeles ar mandarīnu pildījumu HERSHEY's 55g,N/A,1.69,N/A
Sendvičcepums šokolādes MOON PIE 340g,N/A,2.59,N/A
Sendvičcepums banānu MOON PIE 340g,N/A,2.59,N/A
"Liellopa gaļas uzkoda JACK LINK'S 3x22,5g",N/A,2.99,N/A
"Gāzēts dzēriens ar līčijas garšu GLINTER 0,35L",N/A,0.99,N/A
"Gāzēts dzēriens ar mango garšu GLINTER 0,35L",N/A,0.99,N/A
"Gāzēts dzēriens ar zaļo ābolu garšu GLINTER 0,35L",N/A,0.99,N/A
"Vafeļu batoniņs Churros KITKAT 41,5g",N/A,1.69,N/A
"Cepumi zefīra Baby Monster OREO 110,4g",N/A,1.19,N/A
Želejas konfektes Fusion Mix CANDY POP 150g,N/A,1.79,N/A
Želejas konfektes Eyeball Mix CANDY POP 72g,N/A,1.19,N/A
Uzkodu izlase Speciale AMORETTI 230g,N/A,4.99,N/A
Uzkodu izlase Festivo AMORETTI 135g,N/A,3.49,N/A
Olu proteīna ābolu smūtijs FITEG2 300g,N/A,2.49,N/A
Šokolādes cepumi Brainrot YUMMER'S 140g,N/A,2.49,N/A
Olu proteīna mango smūtijs FITEG2 300g,N/A,2.49,N/A
Olu proteīna apelsīnu smūtijs FITEG2 300g,N/A,2.49,N/A
Cepumi ar zemeņu pildījumu Stranger YUMMER`S 135g,N/A,2.69,N/A
Vaniļas cepumi Brainrot YUMMER'S 140g,N/A,2.49,N/A
Saldējums aveņu DOUGHLICIOUS 192g,N/A,4.99,N/A
"Gāzēts dzēriens rabarberu Brainrot 0,33L D",N/A,1.79,N/A
"Gāzēts dzēriens cidoniju-pasifloras 67 0,33L D",N/A,1.79,N/A
Tr.mazg.līdz.FAIRY Lemon 900ml,N/A,2.69,N/A
Šamp.GARNIER FRUCTIS 2in1 norm.mat.400ml,N/A,3.99,N/A
Želejas konfektes Fusion Mix CANDY POP 150g,N/A,1.79,N/A
Želejas konfektes Eyeball Mix CANDY POP 72g,N/A,1.19,N/A
Uzkodu izlase Speciale AMORETTI 230g,N/A,4.99,N/A
Uzkodu izlase Festivo AMORETTI 135g,N/A,3.49,N/A
Olu proteīna ābolu smūtijs FITEG2 300g,N/A,2.49,N/A
Šokolādes cepumi Brainrot YUMMER'S 140g,N/A,2.49,N/A
Olu proteīna mango smūtijs FITEG2 300g,N/A,2.49,N/A
Olu proteīna apelsīnu smūtijs FITEG2 300g,N/A,2.49,N/A
Cepumi ar zemeņu pildījumu Stranger YUMMER`S 135g,N/A,2.69,N/A
Vaniļas cepumi Brainrot YUMMER'S 140g,N/A,2.49,N/A
Saldējums aveņu DOUGHLICIOUS 192g,N/A,4.99,N/A
"Gāzēts dzēriens rabarberu Brainrot 0,33L D",N/A,1.79,N/A
"Gāzēts dzēriens cidoniju-pasifloras 67 0,33L D",N/A,1.79,N/A
Tr.mazg.līdz.FAIRY Lemon 900ml,N/A,2.69,N/A
Šamp.GARNIER FRUCTIS 2in1 norm.mat.400ml,N/A,3.99,N/A
Dušas želeja OLD SPICE Whitewater 400ml,N/A,3.49,N/A
Tualetes bloks BREF CA Eucalyptus 3x50g,N/A,4.99,N/A
Zobu pasta SPLAT PROFES.SENSITIVE 100ml,N/A,2.99,N/A
Zobu pasta BIOREPAIR jutīg.zobiem 75ml,N/A,4.29,N/A
Dušas žel.NIVEA Men Active Clean 500ml,N/A,3.99,N/A
Tr.mazg.līdz.FAIRY Apple 900ml,N/A,2.69,N/A
Tr.mazg.līdz.FAIRY Sens.Cham&Vit.E 900ml,N/A,2.69,N/A
Tr.mazg.līdz.FAIRY Sens.Tea T&Mint 900ml,N/A,2.69,N/A
Tualetes bloks BREF CA Fresh Flow. 2x50g,N/A,3.59,N/A
Tualetes bloks BREF CA Flower 3x50g,N/A,4.99,N/A
Zobu pasta ELMEX Opti-Namel Protect 75ml,N/A,5.49,N/A
Ikdienas ieliktnīši ALWAYS Normal 60gab.,N/A,3.99,N/A
Mic.ūd.L'OREAL Water Soft jut.ād.400ml,N/A,5.99,N/A
Sej.maska GARNIER Hydra Bomb normāl.ādai,N/A,1.99,N/A
Iz.dez.NIVEA Black&White Fresh sie.150ml,N/A,2.79,N/A
Dušas želeja OLD SPICE Whitewater 400ml,N/A,3.49,N/A
Tualetes bloks BREF CA Eucalyptus 3x50g,N/A,4.99,N/A
Zobu pasta SPLAT PROFES.SENSITIVE 100ml,N/A,2.99,N/A
Zobu pasta BIOREPAIR jutīg.zobiem 75ml,N/A,4.29,N/A
Dušas žel.NIVEA Men Active Clean 500ml,N/A,3.99,N/A
Tr.mazg.līdz.FAIRY Apple 900ml,N/A,2.69,N/A
Tr.mazg.līdz.FAIRY Sens.Cham&Vit.E 900ml,N/A,2.69,N/A
Tr.mazg.līdz.FAIRY Sens.Tea T&Mint 900ml,N/A,2.69,N/A
Tualetes bloks BREF CA Fresh Flow. 2x50g,N/A,3.59,N/A
Tualetes bloks BREF CA Flower 3x50g,N/A,4.99,N/A
Zobu pasta ELMEX Opti-Namel Protect 75ml,N/A,5.49,N/A
Ikdienas ieliktnīši ALWAYS Normal 60gab.,N/A,3.99,N/A
Mic.ūd.L'OREAL Water Soft jut.ād.400ml,N/A,5.99,N/A
Sej.maska GARNIER Hydra Bomb normāl.ādai,N/A,1.99,N/A
Iz.dez.NIVEA Black&White Fresh sie.150ml,N/A,2.79,N/A
Tīr .līdz. plīts&grila virsmām CIF 435ml,N/A,2.39,N/A
Dezod.vīr.REXONA roll-on Invisible 50ml,N/A,2.59,N/A
Ikd.ieliktn.LIBRESSE Normal Multi 58gab.,N/A,2.49,N/A
Mitrais tual.pap. ZEWA Aloe Vera 42gab.,N/A,1.99,N/A
Hig.paketes ALWAYS SUPER PLUS DUO 16gab.,N/A,2.99,N/A
Hig.pak. ALWAYS NORMAL PLUS DUO 20gab.,N/A,2.99,N/A
Hig.pak.ALWAYS NIGHT DUO MICRO T. 14gab.,N/A,2.99,N/A
Dienas krēms NIVEA 65+ pretgrumbu 50ml,N/A,6.99,N/A
Nakts krēms NIVEA 65+ pretgrumbu 50ml,N/A,6.99,N/A
Tr.mazg.līdz.PUR Raspberry 450ml,N/A,1.69,N/A
Tīrīš.līdz.vann.CILLIT BANG 750ml,N/A,3.99,N/A
Zobu pasta COLGATE Total Original 75ml,N/A,2.69,N/A
Autiņb.PAMPERS PC S2 4-8kg 68gab,N/A,13.59,N/A
Dušas želeja OLD SPICE Captain 400ml,N/A,3.49,N/A
Micelārais ūdens GARNIER komb.ādai 400ml,N/A,5.99,N/A
Tīr .līdz. plīts&grila virsmām CIF 435ml,N/A,2.39,N/A
Dezod.vīr.REXONA roll-on Invisible 50ml,N/A,2.59,N/A
Ikd.ieliktn.LIBRESSE Normal Multi 58gab.,N/A,2.49,N/A
Mitrais tual.pap. ZEWA Aloe Vera 42gab.,N/A,1.99,N/A
Hig.paketes ALWAYS SUPER PLUS DUO 16gab.,N/A,2.99,N/A
Hig.pak. ALWAYS NORMAL PLUS DUO 20gab.,N/A,2.99,N/A
Hig.pak.ALWAYS NIGHT DUO MICRO T. 14gab.,N/A,2.99,N/A
Dienas krēms NIVEA 65+ pretgrumbu 50ml,N/A,6.99,N/A
Nakts krēms NIVEA 65+ pretgrumbu 50ml,N/A,6.99,N/A
Tr.mazg.līdz.PUR Raspberry 450ml,N/A,1.69,N/A
Tīrīš.līdz.vann.CILLIT BANG 750ml,N/A,3.99,N/A
Zobu pasta COLGATE Total Original 75ml,N/A,2.69,N/A
Autiņb.PAMPERS PC S2 4-8kg 68gab,N/A,13.59,N/A
Dušas želeja OLD SPICE Captain 400ml,N/A,3.49,N/A
Micelārais ūdens GARNIER komb.ādai 400ml,N/A,5.99,N/A
Veļas mīkstin.koncentr.BEST4HOME28m.r.1L,N/A,2.19,N/A
Šampūns SYOSS Anti Dandruff 440ml,N/A,4.49,N/A
Šampūns SYOSS Men Power 440ml,N/A,4.49,N/A
Kondic.GLISS Split Ends Expr.mat.200ml,N/A,4.99,N/A
Šampūns GLISS Split Ends 400ml,N/A,3.99,N/A
Balzams matiem GLISS Split Ends 200ml,N/A,3.19,N/A
Mutes skal.līdz.LISTERINE Mild Taste 1L,N/A,5.99,N/A
Dezinfekc.līdz.KVADRO 70% etanols 700ml,N/A,3.99,N/A
Matu eļļa PANTENE Repair&Protect 100ml,N/A,5.99,N/A
Gaisa atsvaidz.AIRWICK Fresh Wat. 300 ml,N/A,2.19,N/A
Gaisa atsvaidz.AIRWICK Magn.Cherry 300ml,N/A,2.19,N/A
Dušas želeja NIVEA Care&Apricot 500ml,N/A,3.99,N/A
Universāls krēms DZINTARS Nīca bar.75ml,N/A,2.79,N/A
Ķerm.krēms DZINTARS Dzintari baroj.200ml,N/A,3.99,N/A
Autiņb.biksīt.PAMPERS S7 17+kg 38gab.,N/A,13.99,N/A
Veļas mīkstin.koncentr.BEST4HOME28m.r.1L,N/A,2.19,N/A
Šampūns SYOSS Anti Dandruff 440ml,N/A,4.49,N/A
Šampūns SYOSS Men Power 440ml,N/A,4.49,N/A
Kondic.GLISS Split Ends Expr.mat.200ml,N/A,4.99,N/A
Šampūns GLISS Split Ends 400ml,N/A,3.99,N/A
Balzams matiem GLISS Split Ends 200ml,N/A,3.19,N/A
Mutes skal.līdz.LISTERINE Mild Taste 1L,N/A,5.99,N/A
Dezinfekc.līdz.KVADRO 70% etanols 700ml,N/A,3.99,N/A
Matu eļļa PANTENE Repair&Protect 100ml,N/A,5.99,N/A
Gaisa atsvaidz.AIRWICK Fresh Wat. 300 ml,N/A,2.19,N/A
Gaisa atsvaidz.AIRWICK Magn.Cherry 300ml,N/A,2.19,N/A
Dušas želeja NIVEA Care&Apricot 500ml,N/A,3.99,N/A
Universāls krēms DZINTARS Nīca bar.75ml,N/A,2.79,N/A
Ķerm.krēms DZINTARS Dzintari baroj.200ml,N/A,3.99,N/A
Autiņb.biksīt.PAMPERS S7 17+kg 38gab.,N/A,13.99,N/A
Šampūns DZINTARS Dižciems 200ml,N/A,5.99,N/A
Veļas mīkstinātājs NEUTRAL Sensitive 1L,N/A,2.99,N/A
Tīrīšanas līdz.KVADRO universālais 700ml,N/A,2.59,N/A
Notekcauruļu tīrīš.granulas SANO 200g,N/A,3.69,N/A
Dez.NIVEA Black&White Inv.zīm.siev.50ml,N/A,2.79,N/A
Dušas želeja L'ANGELICA kaņepju 500ml,N/A,3.49,N/A
Hig.pak.LIBRESSE Ultra Normal Mega 38gb.,N/A,4.49,N/A
"Veļas pulv.ARIEL Color 20m.r. 1,1kg",N/A,6.59,N/A
"Veļas pulv.ARIEL MSpring 20m.r. 1,1kg",N/A,6.59,N/A
Dušas žel.PALMOLIVE Spice Up vīr.500ml,N/A,3.99,N/A
Tualetes ūdens LA RIVE Heroic Man 100ml,N/A,6.99,N/A
Ikd.ieliktn.ALWAYS Long 0% Perfume 52gb.,N/A,3.79,N/A
Autiņb.PAMPERS PC S1 2-5kg 72gab.,N/A,13.59,N/A
"Veļas mīkst.SILAN FreshSky 130m.r.2,86L",N/A,8.99,N/A
"Veļas mīkst.SILAN DreamyL.126m.r.2,772L",N/A,8.99,N/A
Šampūns DZINTARS Dižciems 200ml,N/A,5.99,N/A
Veļas mīkstinātājs NEUTRAL Sensitive 1L,N/A,2.99,N/A
Tīrīšanas līdz.KVADRO universālais 700ml,N/A,2.59,N/A
Notekcauruļu tīrīš.granulas SANO 200g,N/A,3.69,N/A
Dez.NIVEA Black&White Inv.zīm.siev.50ml,N/A,2.79,N/A
Dušas želeja L'ANGELICA kaņepju 500ml,N/A,3.49,N/A
Hig.pak.LIBRESSE Ultra Normal Mega 38gb.,N/A,4.49,N/A
"Veļas pulv.ARIEL Color 20m.r. 1,1kg",N/A,6.59,N/A
"Veļas pulv.ARIEL MSpring 20m.r. 1,1kg",N/A,6.59,N/A
Dušas žel.PALMOLIVE Spice Up vīr.500ml,N/A,3.99,N/A
Tualetes ūdens LA RIVE Heroic Man 100ml,N/A,6.99,N/A
Ikd.ieliktn.ALWAYS Long 0% Perfume 52gb.,N/A,3.79,N/A
Autiņb.PAMPERS PC S1 2-5kg 72gab.,N/A,13.59,N/A
"Veļas mīkst.SILAN FreshSky 130m.r.2,86L",N/A,8.99,N/A
"Veļas mīkst.SILAN DreamyL.126m.r.2,772L",N/A,8.99,N/A
Saimn.ziepes KASTANIS universālas 150g,N/A,1.19,N/A
Saimn.ziepes KASTANIS Sensitive/Baby150g,N/A,1.19,N/A
Veļ.mazg.kaps.PERSIL Discs Col. 13m.r.,N/A,6.49,N/A
Veļas mazg.līdz.PERWOLL Color 20m.r.1L,N/A,4.99,N/A
Veļ.pulveris PERSIL Freshness 18m.r.990g,N/A,6.99,N/A
"Veļ.mazg.līdz.PERSIL Lavender 40m.r.1,8L",N/A,8.49,N/A
"Veļas mazg.līdz.PERSIL SILAN 40m.r.1,8L",N/A,8.49,N/A
Šampūns SYOSS Intense Plex 440ml,N/A,4.49,N/A
Veļ.mazg.līdz.BONUX Magnolia 18m.r.900ml,N/A,4.29,N/A
"Veļas pulv.BONUX Ice Fresh 18m.r.1,17kg",N/A,4.69,N/A
Kondic.SYOSS Intense Plex intens.250ml,N/A,4.49,N/A
"Veļas pulv.BONUX Magnolia 18m.r.1,17kg",N/A,4.69,N/A
Tualetes papīrs GRITE Orchidea 3k. 24r.,N/A,8.49,N/A
Veļas mazg.līdz.PERWOLL Wool 20m.r.1L,N/A,4.99,N/A
Ķerm.skrubis ORGANIC SHOP Mojito 250ml,N/A,3.99,N/A
Saimn.ziepes KASTANIS universālas 150g,N/A,1.19,N/A
Saimn.ziepes KASTANIS Sensitive/Baby150g,N/A,1.19,N/A
Veļ.mazg.kaps.PERSIL Discs Col. 13m.r.,N/A,6.49,N/A
Veļas mazg.līdz.PERWOLL Color 20m.r.1L,N/A,4.99,N/A
Veļ.pulveris PERSIL Freshness 18m.r.990g,N/A,6.99,N/A
"Veļ.mazg.līdz.PERSIL Lavender 40m.r.1,8L",N/A,8.49,N/A
"Veļas mazg.līdz.PERSIL SILAN 40m.r.1,8L",N/A,8.49,N/A
Šampūns SYOSS Intense Plex 440ml,N/A,4.49,N/A
Veļ.mazg.līdz.BONUX Magnolia 18m.r.900ml,N/A,4.29,N/A
"Veļas pulv.BONUX Ice Fresh 18m.r.1,17kg",N/A,4.69,N/A
Kondic.SYOSS Intense Plex intens.250ml,N/A,4.49,N/A
"Veļas pulv.BONUX Magnolia 18m.r.1,17kg",N/A,4.69,N/A
Tualetes papīrs GRITE Orchidea 3k. 24r.,N/A,8.49,N/A
Veļas mazg.līdz.PERWOLL Wool 20m.r.1L,N/A,4.99,N/A
Ķerm.skrubis ORGANIC SHOP Mojito 250ml,N/A,3.99,N/A
Kaps.tr.m.maš. SOMAT Exc.Prem.5in1 42gb.,N/A,16.99,N/A
Uztura bagātināt.Kolagēna peptīdi 300g,N/A,11.99,N/A
Veļ.mazg.kaps.PERSIL Discs Reg. 13m.r.,N/A,6.49,N/A
Tual.atsv.DOMESTOS Pow.5 Lime 3x50g,N/A,3.39,N/A
Tual.atsv.DOMESTOS Pow.5 Ocean 3x50g,N/A,3.39,N/A
Matu maska AUSSIE SOS Hydration 500ml,N/A,8.99,N/A
Kondicionier.PANTENE Thick&Strong 275ml,N/A,3.99,N/A
Šampūns PANTENE Thick&Strong 400ml,N/A,3.99,N/A
Univ.tīr.līdz.AJAX FLORAL FIESTA zaļš 1l,N/A,1.99,N/A
Roku kr.DZINTARS Dzintari barojošs 75ml,N/A,2.29,N/A
Veļ.mazg.kap.MAYERI Color hipoaler.32m.r,N/A,7.99,N/A
Tual.tīr.želeja THE PINK STUFF 750ml,N/A,2.59,N/A
Veļ.mazg.līdz.THE PINK STUFF 30m.r.960ml,N/A,5.59,N/A
Veļ.maz.l.THE PINK STUFF BIO 32m.r.960ml,N/A,5.59,N/A
Veļas pulveris BEST4HOME 5m.r. 500g,N/A,1.29,N/A
Kaps.tr.m.maš. SOMAT Exc.Prem.5in1 42gb.,N/A,16.99,N/A
Uztura bagātināt.Kolagēna peptīdi 300g,N/A,11.99,N/A
Veļ.mazg.kaps.PERSIL Discs Reg. 13m.r.,N/A,6.49,N/A
Tual.atsv.DOMESTOS Pow.5 Lime 3x50g,N/A,3.39,N/A
Tual.atsv.DOMESTOS Pow.5 Ocean 3x50g,N/A,3.39,N/A
Matu maska AUSSIE SOS Hydration 500ml,N/A,8.99,N/A
Kondicionier.PANTENE Thick&Strong 275ml,N/A,3.99,N/A
Šampūns PANTENE Thick&Strong 400ml,N/A,3.99,N/A
Univ.tīr.līdz.AJAX FLORAL FIESTA zaļš 1l,N/A,1.99,N/A
Roku kr.DZINTARS Dzintari barojošs 75ml,N/A,2.29,N/A
Veļ.mazg.kap.MAYERI Color hipoaler.32m.r,N/A,7.99,N/A
Tual.tīr.želeja THE PINK STUFF 750ml,N/A,2.59,N/A
Veļ.mazg.līdz.THE PINK STUFF 30m.r.960ml,N/A,5.59,N/A
Veļ.maz.l.THE PINK STUFF BIO 32m.r.960ml,N/A,5.59,N/A
Veļas pulveris BEST4HOME 5m.r. 500g,N/A,1.29,N/A
Mitrās salvet.PAMPERS Sensitive 4x52gab.,N/A,5.99,N/A
Veļas mazgāš.kaps.ARIEL Extra Clean 60gb,N/A,19.99,N/A
"Veļas mazg.līdz.ARIEL Color 70m.r. 3,15L",N/A,17.99,N/A
"Veļas mazg.līdz.ARIEL MSpr. 70m.r. 3,15L",N/A,17.99,N/A
"Veļ.mīkst.LENOR Lotus Flow. 59m.r.1,239L",N/A,5.59,N/A
"Veļas mīkst.LENOR Spring 71m.r. 1,491L",N/A,5.59,N/A
Smaržu gran.LENOR Gold Orchid 22m.r.270g,N/A,6.99,N/A
"Veļ.mīkst.LENOR Gold Orchid 59m.r.1,239L",N/A,5.59,N/A
Sejas maskas BIODANCE Collagen 34gx4gb,N/A,16.99,N/A
Tual.bloks BREF Power Aktiv Flower 3x50g,N/A,3.99,N/A
Kondicionier.AUSSIE Deep Hydration 200ml,N/A,4.99,N/A
Šampūns AUSSIE Deep Hydration 300ml,N/A,4.99,N/A
Trauku mazg.līdz.maš.FINISH higiēn.250ml,N/A,5.49,N/A
Tual.tīr.līdz. SANO Anti-Kalk WC 750ml,N/A,2.99,N/A
Matu putas NIVEA apjoma palielin. 150ml,N/A,4.25,N/A
Mitrās salvet.PAMPERS Sensitive 4x52gab.,N/A,5.99,N/A
Veļas mazgāš.kaps.ARIEL Extra Clean 60gb,N/A,19.99,N/A
"Veļas mazg.līdz.ARIEL Color 70m.r. 3,15L",N/A,17.99,N/A
"Veļas mazg.līdz.ARIEL MSpr. 70m.r. 3,15L",N/A,17.99,N/A
"Veļ.mīkst.LENOR Lotus Flow. 59m.r.1,239L",N/A,5.59,N/A
"Veļas mīkst.LENOR Spring 71m.r. 1,491L",N/A,5.59,N/A
Smaržu gran.LENOR Gold Orchid 22m.r.270g,N/A,6.99,N/A
"Veļ.mīkst.LENOR Gold Orchid 59m.r.1,239L",N/A,5.59,N/A
Sejas maskas BIODANCE Collagen 34gx4gb,N/A,16.99,N/A
Tual.bloks BREF Power Aktiv Flower 3x50g,N/A,3.99,N/A
Kondicionier.AUSSIE Deep Hydration 200ml,N/A,4.99,N/A
Šampūns AUSSIE Deep Hydration 300ml,N/A,4.99,N/A
Trauku mazg.līdz.maš.FINISH higiēn.250ml,N/A,5.49,N/A
Tual.tīr.līdz. SANO Anti-Kalk WC 750ml,N/A,2.99,N/A
Matu putas NIVEA apjoma palielin. 150ml,N/A,4.25,N/A
Lubrikants DUREX PLAY AL.VERA 2in1 200ml,N/A,7.99,N/A
Tualetes bloks SANO Sanobon Blue 55g,N/A,2.19,N/A
Tual.tīr.līdz.HARPIC Pow.Plus Orig.750ml,N/A,2.39,N/A
Tual.tīr.līdz. DOMESTOS Atlantic 750ml,N/A,1.79,N/A
Skūš.aparāts GILLETTE Fusion +2kasetes,N/A,10.99,N/A
Skūš.kasetes GILLETTE Fusion 4gab.,N/A,13.99,N/A
Dušas želeja FA YOGHURT ALOE VERA 400ml,N/A,2.99,N/A
"Trauku mazg.līdz.maš. FINISH sāls 1,5kg",N/A,3.49,N/A
Šampūns H&S CLASSIC CLEAN 400ml,N/A,4.99,N/A
Šampūns H&S MENTHOL 400ml,N/A,4.99,N/A
Dezo.REXONA INVI.Black&White siev.150ml,N/A,2.49,N/A
Dezod.NIVEA FRESH rull.vīr.50ml,N/A,2.79,N/A
Traipu tīr.līdz.SANO Oxygen Stain 750ml,N/A,4.59,N/A
Tual.tīr.līdz.HARPIC Pow.Plus Citr.750ml,N/A,2.39,N/A
Tual.tīr.līdz.HARPIC Power Plus Cl.750ml,N/A,2.59,N/A
Lubrikants DUREX PLAY AL.VERA 2in1 200ml,N/A,7.99,N/A
Tualetes bloks SANO Sanobon Blue 55g,N/A,2.19,N/A
Tual.tīr.līdz.HARPIC Pow.Plus Orig.750ml,N/A,2.39,N/A
Tual.tīr.līdz. DOMESTOS Atlantic 750ml,N/A,1.79,N/A
Skūš.aparāts GILLETTE Fusion +2kasetes,N/A,10.99,N/A
Skūš.kasetes GILLETTE Fusion 4gab.,N/A,13.99,N/A
Dušas želeja FA YOGHURT ALOE VERA 400ml,N/A,2.99,N/A
"Trauku mazg.līdz.maš. FINISH sāls 1,5kg",N/A,3.49,N/A
Šampūns H&S CLASSIC CLEAN 400ml,N/A,4.99,N/A
Šampūns H&S MENTHOL 400ml,N/A,4.99,N/A
Dezo.REXONA INVI.Black&White siev.150ml,N/A,2.49,N/A
Dezod.NIVEA FRESH rull.vīr.50ml,N/A,2.79,N/A
Traipu tīr.līdz.SANO Oxygen Stain 750ml,N/A,4.59,N/A
Tual.tīr.līdz.HARPIC Pow.Plus Citr.750ml,N/A,2.39,N/A
Tual.tīr.līdz.HARPIC Power Plus Cl.750ml,N/A,2.59,N/A
Zobu birste JORDAN 3-5g.1gab.,N/A,1.99,N/A
Trauku mazg.līdz.PUR Aloe Vera 450ml,N/A,1.69,N/A
Trauku mazg.līdz.PUR Hands&Nails 450ml,N/A,1.69,N/A
Mutes skal.līdz. LISTERINE Coolmint 1L,N/A,5.99,N/A
Losj.pēc skūš.OLD SPICE Whitewater 100ml,N/A,6.49,N/A
Zobu pasta SENSODYNE REPAIR&PROTECT 75ml,N/A,5.39,N/A
Vienr.skuvek.WILKINSON XTREME SENS.4gab.,N/A,2.89,N/A
Šampūns H&S APPLE FRESH 400ml,N/A,4.99,N/A
Tual.tīr.līdz.HARPIC Power+Hygien. 750ml,N/A,2.59,N/A
Zobu pasta SENSODYNE REP.&PROT.WHIT.75ml,N/A,4.99,N/A
Prezervatīvi LIFESTYLES ORIG.SKYN 10gab.,N/A,8.79,N/A
Paladziņi SENI SOFT 40x60cm 30 gab.,N/A,7.99,N/A
Dezod.OLD SPICE WOLFTHORN zīmuļv.50ml,N/A,3.39,N/A
Zobu pasta BIOREPAIR bērn.0–6g.50ml,N/A,3.25,N/A
Vienr.skuvekļi GILLETTE Blue 3 6+2gab.,N/A,5.49,N/A
Zobu birste JORDAN 3-5g.1gab.,N/A,1.99,N/A
Trauku mazg.līdz.PUR Aloe Vera 450ml,N/A,1.69,N/A
Trauku mazg.līdz.PUR Hands&Nails 450ml,N/A,1.69,N/A
Mutes skal.līdz. LISTERINE Coolmint 1L,N/A,5.99,N/A
Losj.pēc skūš.OLD SPICE Whitewater 100ml,N/A,6.49,N/A
Zobu pasta SENSODYNE REPAIR&PROTECT 75ml,N/A,5.39,N/A
Vienr.skuvek.WILKINSON XTREME SENS.4gab.,N/A,2.89,N/A
Šampūns H&S APPLE FRESH 400ml,N/A,4.99,N/A
Tual.tīr.līdz.HARPIC Power+Hygien. 750ml,N/A,2.59,N/A
Zobu pasta SENSODYNE REP.&PROT.WHIT.75ml,N/A,4.99,N/A
Prezervatīvi LIFESTYLES ORIG.SKYN 10gab.,N/A,8.79,N/A
Paladziņi SENI SOFT 40x60cm 30 gab.,N/A,7.99,N/A
Dezod.OLD SPICE WOLFTHORN zīmuļv.50ml,N/A,3.39,N/A
Zobu pasta BIOREPAIR bērn.0–6g.50ml,N/A,3.25,N/A
Vienr.skuvekļi GILLETTE Blue 3 6+2gab.,N/A,5.49,N/A
Sausais šampūns BATISTE Original 200ml,N/A,3.49,N/A
Dezodor. OLD SPICE ORIGINAL zīm. 50ml,N/A,3.39,N/A
Dezodor. OLD SPICE WHITEWATER zīm. 50ml,N/A,3.39,N/A
Trauku mazg.žel.SOMAT Excellence 540ml,N/A,10.99,N/A
Trauku mazg.līdz.FAIRY Pure&Clean 900ml,N/A,2.99,N/A
Zobu diegs ORAL-B ESSENTIAL FLOSS 50m,N/A,1.99,N/A
Šampūns NIVEA CARE EXPRESS 2IN1 250ml,N/A,2.99,N/A
Ikdienas ieliktnīši DISCREET Air 100gab.,N/A,4.39,N/A
Hig.pak.ALWAYS Ultra Super Night 10gab.,N/A,2.99,N/A
Hig.pak.ALWAYS ULT.DUO EX.NIG.PR.12gab.,N/A,2.99,N/A
Trauku mazg.maš.tabl.FINISH Power 85gab.,N/A,15.99,N/A
Sej.maska GARNIER Hydra Bomb dehidr.ādai,N/A,1.79,N/A
Serums GARNIER Vitamin C sejai 30ml,N/A,8.99,N/A
"Marinētas bietes EXTRA LINE, 500 g",N/A,1.52,N/A
"Biezpiens FARM MILK, 180 g, 9%",N/A,0.75,N/A
Sausais šampūns BATISTE Original 200ml,N/A,3.49,N/A
Dezodor. OLD SPICE ORIGINAL zīm. 50ml,N/A,3.39,N/A
Dezodor. OLD SPICE WHITEWATER zīm. 50ml,N/A,3.39,N/A
Trauku mazg.žel.SOMAT Excellence 540ml,N/A,10.99,N/A
Trauku mazg.līdz.FAIRY Pure&Clean 900ml,N/A,2.99,N/A
Zobu diegs ORAL-B ESSENTIAL FLOSS 50m,N/A,1.99,N/A
Šampūns NIVEA CARE EXPRESS 2IN1 250ml,N/A,2.99,N/A
Ikdienas ieliktnīši DISCREET Air 100gab.,N/A,4.39,N/A
Hig.pak.ALWAYS Ultra Super Night 10gab.,N/A,2.99,N/A
Hig.pak.ALWAYS ULT.DUO EX.NIG.PR.12gab.,N/A,2.99,N/A
Trauku mazg.maš.tabl.FINISH Power 85gab.,N/A,15.99,N/A
Sej.maska GARNIER Hydra Bomb dehidr.ādai,N/A,1.79,N/A
Serums GARNIER Vitamin C sejai 30ml,N/A,8.99,N/A
"Marinētas bietes EXTRA LINE, 500 g",N/A,1.52,N/A
"Biezpiens FARM MILK, 180 g, 9%",N/A,0.75,N/A
"Siers GOUDA FARM MILK šķēlēs, 500 g, 45%",N/A,3.99,N/A
"Siers TILSIT FARM MILK šķēlēs, 150 g, 45%",N/A,1.39,N/A
"Siers TILSIT FARM MILK, 250 g, 45%",N/A,1.99,N/A
"Siers TILSIT FARM MILK šķēlēs, 500 g, 45%",N/A,3.99,N/A
"Kausētais siers FARM MILK ar šķiņķi, 150 g",N/A,1.25,N/A
"Kefīrs FARM MILK, 1 kg, 2%, plēvē",N/A,0.89,N/A
"Sviests FARM MILK, 180 g, 82%",N/A,1.39,N/A
"Skābais krējums FARM MILK, 400 g, 20%, plēvē",N/A,1.24,N/A
"Skābais krējums FARM MILK, 400 g, 12%",N/A,0.89,N/A
"Skābais krējums FARM MILK, 400 g, 18%",N/A,1.09,N/A
"Saldais krējums FARM MILK, 200 ml, 30%",N/A,1.09,N/A
"Grieķu jogurts FARM MILK, 400 g, 10%",N/A,0.79,N/A
"Jogurts MIO&RIO zemeņu, 1 kg, 1,5%",N/A,0.99,N/A
"Jogurts MIO&RIO persiku, 1 kg, 1,5%",N/A,0.99,N/A
"Kefīrs FARM MILK, 1 kg, 2%",N/A,1.19,N/A
"Siers GOUDA FARM MILK šķēlēs, 500 g, 45%",N/A,3.99,N/A
"Siers TILSIT FARM MILK šķēlēs, 150 g, 45%",N/A,1.39,N/A
"Siers TILSIT FARM MILK, 250 g, 45%",N/A,1.99,N/A
"Siers TILSIT FARM MILK šķēlēs, 500 g, 45%",N/A,3.99,N/A
"Kausētais siers FARM MILK ar šķiņķi, 150 g",N/A,1.25,N/A
"Kefīrs FARM MILK, 1 kg, 2%, plēvē",N/A,0.89,N/A
"Sviests FARM MILK, 180 g, 82%",N/A,1.39,N/A
"Skābais krējums FARM MILK, 400 g, 20%, plēvē",N/A,1.24,N/A
"Skābais krējums FARM MILK, 400 g, 12%",N/A,0.89,N/A
"Skābais krējums FARM MILK, 400 g, 18%",N/A,1.09,N/A
"Saldais krējums FARM MILK, 200 ml, 30%",N/A,1.09,N/A
"Grieķu jogurts FARM MILK, 400 g, 10%",N/A,0.79,N/A
"Jogurts MIO&RIO zemeņu, 1 kg, 1,5%",N/A,0.99,N/A
"Jogurts MIO&RIO persiku, 1 kg, 1,5%",N/A,0.99,N/A
"Kefīrs FARM MILK, 1 kg, 2%",N/A,1.19,N/A
"Formas maize MANA MAIZE, 600 g",N/A,0.79,N/A
"Saldskābā maize MANA MAIZE, 800 g",N/A,0.99,N/A
"Rudzu maize MANA MAIZE, 800 g",N/A,0.99,N/A
"Baltmaize MANA MAIZE, 300 g",N/A,0.39,N/A
"Saldējums OPTIMA LĪNIJA kakao, 65 g",N/A,0.29,N/A
"Saldējums OPTIMA LĪNIJA vaniļas, 65 g",N/A,0.29,N/A
"Cepumi Meltez Tango ar kakao-vaniļas pildījumu, 176 g",N/A,0.95,N/A
"Želejas konfektes Sour neon worms DINO, 300 g",N/A,2.06,N/A
"Tumšā šokolāde MIO DELIZZI, 100 g",N/A,0.99,N/A
"Piena šokolāde MIO DELIZZI, 100 g",N/A,0.99,N/A
"Cepumi ar iebiez.piena g. MIO&RIO, 160 g",N/A,0.55,N/A
"Cepumi ar šokolādes garšu MIO&RIO, 160 g",N/A,0.55,N/A
"Cepumi klasiskie MIO&RIO, 155 g",N/A,0.49,N/A
"Želejas konfektes Peach loops DINO, 300 g",N/A,2.06,N/A
"Piena batoniņš FARM MILK ar kakao, 30 g",N/A,0.35,N/A
"Formas maize MANA MAIZE, 600 g",N/A,0.79,N/A
"Saldskābā maize MANA MAIZE, 800 g",N/A,0.99,N/A
"Rudzu maize MANA MAIZE, 800 g",N/A,0.99,N/A
"Baltmaize MANA MAIZE, 300 g",N/A,0.39,N/A
"Saldējums OPTIMA LĪNIJA kakao, 65 g",N/A,0.29,N/A
"Saldējums OPTIMA LĪNIJA vaniļas, 65 g",N/A,0.29,N/A
"Cepumi Meltez Tango ar kakao-vaniļas pildījumu, 176 g",N/A,0.95,N/A
"Želejas konfektes Sour neon worms DINO, 300 g",N/A,2.06,N/A
"Tumšā šokolāde MIO DELIZZI, 100 g",N/A,0.99,N/A
"Piena šokolāde MIO DELIZZI, 100 g",N/A,0.99,N/A
"Cepumi ar iebiez.piena g. MIO&RIO, 160 g",N/A,0.55,N/A
"Cepumi ar šokolādes garšu MIO&RIO, 160 g",N/A,0.55,N/A
"Cepumi klasiskie MIO&RIO, 155 g",N/A,0.49,N/A
"Želejas konfektes Peach loops DINO, 300 g",N/A,2.06,N/A
"Piena batoniņš FARM MILK ar kakao, 30 g",N/A,0.35,N/A
"Rapšu eļļa EXTRA LINE, 1 l",N/A,1.75,N/A
"Konservēta kukurūza EXTRA LINE, 400 g",N/A,1.16,N/A
"Konservētas sarkanās pupiņas EXTRA LINE, 400 g",N/A,0.94,N/A
"Konservētas baltās pupiņas EXTRA LINE, 400 g",N/A,0.59,N/A
"Šķīstošā kafija MONTE PERO CLASSIC, 200 g",N/A,4.39,N/A
"Ledus tēja MIO&RIO persiku, 1,5 l",N/A,0.89,N/A
"Saldējums vaniļas MIO&RIO, 500 g",N/A,1.25,N/A
"Sula tomātu MIO&RIO, 1 l",N/A,0.97,N/A
"Dzeramais ūdens ASET gāzēts, 1,5 l",N/A,0.29,N/A
"Dzeramais ūdens ASET negāzēts, 1,5 l",N/A,0.29,N/A
"Ledus tēja MIO&RIO citronu, 1,5 l",N/A,0.89,N/A
"Ledus tēja MIO&RIO Zaļā ar citronu, 1,5 l",N/A,0.89,N/A
"Autiņbiksītes PEPPINS Pants S5, 20 gab, 12-17 kg",N/A,4.99,N/A
"Autiņbiksītes PEPPINS Pants S4, 22 gab, 9-15 kg",N/A,4.09,N/A
"Autiņbiksītes PEPPINS Pants S6, 18 gab., 16+ kg",N/A,4.99,N/A
"Rapšu eļļa EXTRA LINE, 1 l",N/A,1.75,N/A
"Konservēta kukurūza EXTRA LINE, 400 g",N/A,1.16,N/A
"Konservētas sarkanās pupiņas EXTRA LINE, 400 g",N/A,0.94,N/A
"Konservētas baltās pupiņas EXTRA LINE, 400 g",N/A,0.59,N/A
"Šķīstošā kafija MONTE PERO CLASSIC, 200 g",N/A,4.39,N/A
"Ledus tēja MIO&RIO persiku, 1,5 l",N/A,0.89,N/A
"Saldējums vaniļas MIO&RIO, 500 g",N/A,1.25,N/A
"Sula tomātu MIO&RIO, 1 l",N/A,0.97,N/A
"Dzeramais ūdens ASET gāzēts, 1,5 l",N/A,0.29,N/A
"Dzeramais ūdens ASET negāzēts, 1,5 l",N/A,0.29,N/A
"Ledus tēja MIO&RIO citronu, 1,5 l",N/A,0.89,N/A
"Ledus tēja MIO&RIO Zaļā ar citronu, 1,5 l",N/A,0.89,N/A
"Autiņbiksītes PEPPINS Pants S5, 20 gab, 12-17 kg",N/A,4.99,N/A
"Autiņbiksītes PEPPINS Pants S4, 22 gab, 9-15 kg",N/A,4.09,N/A
"Autiņbiksītes PEPPINS Pants S6, 18 gab., 16+ kg",N/A,4.99,N/A
"Klasiskais kečups EXTRA LINE, 480 g",N/A,1.28,N/A
"Pikantais kečups EXTRA LINE, 481 g",N/A,1.65,N/A
"Graudainās sinepes WELL DONE, 180 g",N/A,0.99,N/A
"Priecīgie lācīši MIO&RIO, 300 g",N/A,1.85,N/A
"Sula ābolu MIO&RIO, 1 l",N/A,1.09,N/A
"Cementējoši kaķu pakaiši HAPPY TAILS, 5 kg",N/A,3.00,N/A
"Medus, 700 g",N/A,4.19,N/A
"Konservēti zaļie zirnīši Extra Line, 400 g",N/A,0.75,N/A
"Paladziņi PEPPINS, 60x60cm 10gab.",N/A,2.33,N/A
"Borščs ar bekonu EXTRA LINE, 480g",N/A,1.99,N/A
"Sald.pica EXTRA LINE šķiņķa un sēņu, 270g",N/A,1.69,N/A
Mitr.salv.PEPPINS Everyday bērniem 72gb.,N/A,0.99,N/A
Šķīstošā kafija MONTE PERO GOLD 100g,N/A,3.00,N/A
Šķīstošā kafija MONTE PERO GOLD 200g,N/A,5.99,N/A
Šķīstošā kafija MONTE PERO CLASSIC 100g,N/A,2.20,N/A
"Klasiskais kečups EXTRA LINE, 480 g",N/A,1.28,N/A
"Pikantais kečups EXTRA LINE, 481 g",N/A,1.65,N/A
"Graudainās sinepes WELL DONE, 180 g",N/A,0.99,N/A
"Priecīgie lācīši MIO&RIO, 300 g",N/A,1.85,N/A
"Sula ābolu MIO&RIO, 1 l",N/A,1.09,N/A
"Cementējoši kaķu pakaiši HAPPY TAILS, 5 kg",N/A,3.00,N/A
"Medus, 700 g",N/A,4.19,N/A
"Konservēti zaļie zirnīši Extra Line, 400 g",N/A,0.75,N/A
"Paladziņi PEPPINS, 60x60cm 10gab.",N/A,2.33,N/A
"Borščs ar bekonu EXTRA LINE, 480g",N/A,1.99,N/A
"Sald.pica EXTRA LINE šķiņķa un sēņu, 270g",N/A,1.69,N/A
Mitr.salv.PEPPINS Everyday bērniem 72gb.,N/A,0.99,N/A
Šķīstošā kafija MONTE PERO GOLD 100g,N/A,3.00,N/A
Šķīstošā kafija MONTE PERO GOLD 200g,N/A,5.99,N/A
Šķīstošā kafija MONTE PERO CLASSIC 100g,N/A,2.20,N/A
